id_estudiante,promedio_general,materias_reprobadas,asistencia_porcentaje,repitencia,ingreso_hogar,trabaja,apoyo_familiar,migración_familiar,acceso_internet,dispositivo_tecnologico,modalidad_educativa,riesgo_desercion,desercion_encoded,riesgo_predicho_encoded,riesgo_predicho,prob_clase_0,prob_clase_1,prob_clase_2,fecha_modelo
1,7.2,0,88.5,0,285.5,0,1,0,1,Tablet,Presencial,Bajo,1,1,Bajo,0.0003266568620093993,0.9690936063022091,0.030579736835781395,2026-02-18
2,8.1,0,92.3,0,650.0,0,2,0,1,Laptop,Presencial,Bajo,1,1,Bajo,0.0001123986853789851,0.9916836358450657,0.008203965469555407,2026-02-18
3,5.8,2,72.1,1,195.0,1,0,1,0,Ninguno,Presencial,Alto,0,0,Alto,0.9957142715057583,0.002030415498033409,0.0022553129962082892,2026-02-18
4,6.4,1,78.5,0,420.0,0,1,0,1,Smartphone,Presencial,Medio,2,2,Medio,0.0016244328926720238,0.016153380486228937,0.9822221866210992,2026-02-18
5,6.9,1,85.2,0,240.0,0,1,0,1,Tablet,Presencial,Bajo,1,1,Bajo,0.002274988290382949,0.5664177198715515,0.4313072918380655,2026-02-18
6,8.5,0,94.7,0,580.0,0,2,0,1,Laptop,Presencial,Bajo,1,1,Bajo,3.309046098914633e-05,0.9986657056453689,0.0013012038936421181,2026-02-18
7,5.2,3,68.3,1,180.0,1,0,1,0,Ninguno,Presencial,Alto,0,0,Alto,0.9944495921061485,0.00010210864167337288,0.0054482992521781085,2026-02-18
8,7.8,0,89.1,0,520.0,0,2,0,1,Laptop,Presencial,Bajo,1,1,Bajo,0.000227465599476425,0.9879752199861617,0.01179731441436184,2026-02-18
9,7.5,0,87.9,0,270.0,0,1,0,1,Smartphone,Presencial,Bajo,1,1,Bajo,0.00041960482404866976,0.9767914832528178,0.02278891192313363,2026-02-18
10,8.3,0,93.2,0,710.0,0,2,0,1,Laptop,Presencial,Bajo,1,1,Bajo,8.898982855632377e-05,0.9916325039373973,0.008278506234046457,2026-02-18
11,5.5,2,70.8,1,190.0,1,0,1,0,Ninguno,Presencial,Alto,0,0,Alto,0.9964269257436594,0.0011063751910506587,0.0024666990652898696,2026-02-18
12,7.1,1,81.4,0,480.0,0,1,0,1,Smartphone,Presencial,Medio,2,2,Medio,0.00146182347784081,0.04970062167593232,0.9488375548462269,2026-02-18
53,6.9,1,80.1,0,270.0,0,1,0,1,Tablet,Presencial,Medio,2,2,Medio,0.0020397713148923046,0.12091783138991835,0.8770423972951894,2026-02-18
54,8.0,0,90.7,0,610.0,0,2,0,1,Laptop,Presencial,Bajo,1,1,Bajo,0.00016490732526494868,0.9881215645519649,0.01171352812277016,2026-02-18
55,5.7,2,73.6,1,195.0,1,0,1,0,Ninguno,Presencial,Alto,0,0,Alto,0.9954334359061509,0.002739611355313701,0.001826952738535409,2026-02-18
56,7.6,0,87.4,0,560.0,0,2,0,1,Laptop,Presencial,Bajo,1,1,Bajo,0.00047499260954368607,0.9627493580391724,0.03677564935128383,2026-02-18
57,6.8,1,79.5,0,265.0,0,1,0,1,Tablet,Presencial,Medio,2,2,Medio,0.0020314377962886835,0.0951294885064827,0.9028390736972286,2026-02-18
58,8.1,0,91.9,0,670.0,0,2,0,1,Laptop,Presencial,Bajo,1,1,Bajo,0.0001326377101746728,0.9885113963997468,0.011355965890078454,2026-02-18
59,5.4,3,69.8,1,185.0,1,0,1,0,Ninguno,Presencial,Alto,0,0,Alto,0.9950416991945795,0.00017999202161041584,0.004778308783810054,2026-02-18
60,7.9,0,89.3,0,640.0,0,2,0,1,Laptop,Presencial,Bajo,1,1,Bajo,0.00028321196960007325,0.9718693322931142,0.027847455737285778,2026-02-18
85,5.8,2,73.1,1,205.0,1,0,0,0,Smartphone,Presencial,Alto,0,2,Medio,0.3487437031136432,0.006849903050206883,0.6444063938361498,2026-02-18
86,7.3,1,84.6,0,490.0,0,1,0,1,Smartphone,Presencial,Medio,2,2,Medio,0.0017771525417727989,0.16372714921580347,0.8344956982424238,2026-02-18
87,6.6,1,77.2,0,255.0,0,1,0,1,Tablet,Presencial,Medio,2,2,Medio,0.00175441836554885,0.038403983786218024,0.9598415978482332,2026-02-18
88,8.0,0,90.9,0,670.0,0,2,0,1,Laptop,Presencial,Bajo,1,1,Bajo,0.0001882122673807627,0.9817950716083869,0.018016716124232404,2026-02-18
101,5.7,2,73.8,1,200.0,1,0,1,0,Smartphone,Presencial,Alto,0,0,Alto,0.9703267584415491,0.0025733910967901236,0.027099850461660618,2026-02-18
102,7.5,0,86.3,0,570.0,0,2,0,1,Laptop,Presencial,Bajo,1,1,Bajo,0.0006982607427541059,0.9346744561517102,0.06462728310553569,2026-02-18
103,6.8,1,79.1,0,260.0,0,1,0,1,Tablet,Presencial,Medio,2,2,Medio,0.002002828952073309,0.08579187282891594,0.9122052982190109,2026-02-18
104,8.0,0,90.2,0,650.0,0,2,0,1,Laptop,Presencial,Bajo,1,1,Bajo,0.00021182281384319248,0.979870892299489,0.019917284886667892,2026-02-18
117,7.1,0,84.2,0,280.0,0,1,0,1,Tablet,Presencial,Bajo,1,1,Bajo,0.0009572780540394535,0.850271257616376,0.14877146432958466,2026-02-18
118,7.4,1,85.9,0,500.0,0,1,0,1,Smartphone,Presencial,Medio,2,2,Medio,0.001768528256091359,0.24396907106391205,0.7542624006799966,2026-02-18
119,6.7,1,78.8,0,265.0,0,1,0,1,Tablet,Presencial,Medio,2,2,Medio,0.001943477765800618,0.06892387093022757,0.9291326513039717,2026-02-18
120,8.0,0,90.4,0,650.0,0,2,0,1,Laptop,Presencial,Bajo,1,1,Bajo,0.00020128704571098174,0.9813533580256676,0.018445354928621406,2026-02-18
133,8.4,0,93.8,0,740.0,0,2,0,1,Laptop,Presencial,Bajo,1,1,Bajo,7.615987739169561e-05,0.9920783027330723,0.007845537389535874,2026-02-18
134,5.9,2,74.2,1,210.0,1,0,0,0,Smartphone,Presencial,Medio,2,2,Medio,0.3697497389312126,0.010483753968839635,0.6197665070999477,2026-02-18
135,7.5,0,86.5,0,560.0,0,2,0,1,Laptop,Presencial,Bajo,1,1,Bajo,0.0006481328498691275,0.9439639453110916,0.05538792183903941,2026-02-18
136,6.8,1,79.3,0,265.0,0,1,0,1,Tablet,Presencial,Medio,2,2,Medio,0.0019941697141116006,0.08860541952456195,0.9094004107613264,2026-02-18
149,8.2,0,91.8,0,680.0,0,2,0,1,Laptop,Presencial,Bajo,1,1,Bajo,0.0001278773581912611,0.9879633977435104,0.011908724898298152,2026-02-18
150,5.6,2,72.9,1,200.0,1,0,1,0,Ninguno,Presencial,Alto,0,0,Alto,0.995936914105149,0.0020430050160142052,0.002020080878836863,2026-02-18
151,7.7,0,88.3,0,590.0,0,2,0,1,Laptop,Presencial,Bajo,1,1,Bajo,0.0003777691736419165,0.9684616498730616,0.03116058095329647,2026-02-18
152,6.8,1,79.4,0,265.0,0,1,0,1,Tablet,Presencial,Medio,2,2,Medio,0.002012846235753725,0.09181539380559475,0.9061717599586515,2026-02-18
165,7.5,0,86.9,0,550.0,0,2,0,1,Laptop,Presencial,Bajo,1,1,Bajo,0.0005720690614539627,0.9554367064886535,0.04399122444989264,2026-02-18
166,6.6,1,77.4,0,255.0,0,1,0,1,Tablet,Presencial,Medio,2,2,Medio,0.0017945000898991084,0.0413999732279509,0.9568055266821499,2026-02-18
167,8.0,0,90.3,0,650.0,0,2,0,1,Laptop,Presencial,Bajo,1,1,Bajo,0.0002064907322264641,0.9806260362374893,0.019167473030284186,2026-02-18
168,5.7,2,73.2,1,195.0,1,0,1,0,Smartphone,Presencial,Alto,0,0,Alto,0.9693022326139513,0.0022311264804224275,0.028466640905626152,2026-02-18
181,7.9,0,89.5,0,640.0,0,2,0,1,Laptop,Presencial,Bajo,1,1,Bajo,0.0002692874392852609,0.9739257161663084,0.02580499639440648,2026-02-18
182,6.9,1,80.5,0,270.0,0,1,0,1,Smartphone,Presencial,Medio,2,2,Medio,0.0036915078723520275,0.1602505941066179,0.83605789802103,2026-02-18
183,8.1,0,91.1,0,670.0,0,2,0,1,Laptop,Presencial,Bajo,1,1,Bajo,0.00016296625078908707,0.9843702652521252,0.015466768497085667,2026-02-18
184,5.6,2,72.8,1,200.0,1,0,1,0,Smartphone,Presencial,Alto,0,0,Alto,0.9679768859652351,0.001796846712318781,0.03022626732244627,2026-02-18
197,8.5,0,94.3,0,760.0,0,2,0,1,Laptop,Presencial,Bajo,1,1,Bajo,6.483664923348703e-05,0.9928371966972191,0.007097966653547406,2026-02-18
198,5.8,2,73.7,1,205.0,1,0,1,0,Smartphone,Presencial,Alto,0,0,Alto,0.968652302286011,0.0027058630781180626,0.02864183463587084,2026-02-18
199,7.4,0,85.7,0,530.0,0,2,0,1,Laptop,Presencial,Bajo,1,1,Bajo,0.0007921885033004205,0.936476995913723,0.06273081558297666,2026-02-18
200,6.7,1,78.5,0,260.0,0,1,0,1,Tablet,Presencial,Medio,2,2,Medio,0.0019306105143003123,0.06429573085290269,0.933773658632797,2026-02-18
213,8.2,0,91.7,0,680.0,0,2,0,1,Laptop,Presencial,Bajo,1,1,Bajo,0.00013121772327408184,0.9874905903790555,0.012378191897670312,2026-02-18
214,5.3,3,68.7,1,180.0,1,0,1,0,Ninguno,Presencial,Alto,0,0,Alto,0.9946101161967633,0.00012463325901545028,0.005265250544221275,2026-02-18
215,7.7,0,88.4,0,600.0,0,2,0,1,Laptop,Presencial,Bajo,1,1,Bajo,0.00037932114494659055,0.9670179463528858,0.032602732502167636,2026-02-18
216,6.9,1,80.4,0,270.0,0,1,0,1,Smartphone,Presencial,Medio,2,2,Medio,0.003667002374058991,0.15506018897487286,0.8412728086510682,2026-02-18
229,7.4,1,85.3,0,520.0,0,2,0,1,Laptop,Presencial,Medio,2,1,Bajo,0.0025414331400342364,0.6396386016504653,0.3578199652095003,2026-02-18
230,6.7,1,78.7,0,260.0,0,1,0,1,Tablet,Presencial,Medio,2,2,Medio,0.0019705668302379457,0.06916591101786171,0.9288635221519003,2026-02-18
237,8.0,0,90.6,0,650.0,0,2,0,1,Laptop,Presencial,Bajo,1,1,Bajo,0.00019125397828146772,0.9827284475117846,0.017080298509933884,2026-02-18
238,5.9,2,74.1,1,210.0,1,0,0,0,Smartphone,Presencial,Medio,2,2,Medio,0.36690200203455225,0.010133332527817458,0.6229646654376303,2026-02-18
245,7.5,0,86.4,0,560.0,0,2,0,1,Laptop,Presencial,Bajo,1,1,Bajo,0.0006639021787679219,0.9418651662638297,0.057470931557402335,2026-02-18
249,7.9,0,89.7,0,640.0,0,2,0,1,Laptop,Presencial,Bajo,1,1,Bajo,0.0002560078888411367,0.9758353537710894,0.023908638340069503,2026-02-18
13,7.3,0,86.7,0,260.0,0,1,0,1,Tablet,Presencial,Bajo,1,1,Bajo,0.0004330695852557441,0.9542552310052949,0.04531169940944933,2026-02-18
14,8.4,0,91.8,0,680.0,0,2,0,1,Laptop,Presencial,Bajo,1,1,Bajo,0.00010611886621943696,0.9896660149877322,0.01022786614604845,2026-02-18
15,5.9,2,73.5,0,210.0,1,0,0,0,Smartphone,Presencial,Medio,2,2,Medio,0.049687966329026896,0.004503985244997131,0.945808048425976,2026-02-18
16,6.8,1,79.2,0,450.0,0,1,0,1,Smartphone,Presencial,Medio,2,2,Medio,0.0014029539858760075,0.02220467508943622,0.9763923709246877,2026-02-18
17,7.0,1,84.3,0,255.0,0,1,0,1,Tablet,Presencial,Medio,2,2,Medio,0.002263795801215559,0.4660752238426544,0.5316609803561301,2026-02-18
18,8.2,0,90.5,0,620.0,0,2,0,1,Laptop,Presencial,Bajo,1,1,Bajo,0.00014862579100207105,0.9880179612964373,0.011833412912560537,2026-02-18
19,5.4,3,69.7,1,185.0,1,0,1,0,Ninguno,Presencial,Alto,0,0,Alto,0.9949847164547951,0.00017531603984031338,0.004839967505364421,2026-02-18
20,7.6,0,88.2,0,540.0,0,2,0,1,Laptop,Presencial,Bajo,1,1,Bajo,0.0003664320953490973,0.9766614991126206,0.02297206879203036,2026-02-18
21,7.1,0,85.8,0,275.0,0,1,0,1,Smartphone,Presencial,Bajo,1,1,Bajo,0.0010256283480046496,0.9289551602634667,0.07001921138852864,2026-02-18
22,8.6,0,95.1,0,730.0,0,2,0,1,Laptop,Presencial,Bajo,1,1,Bajo,4.361825343742313e-05,0.9962297699167767,0.0037266118297859677,2026-02-18
23,5.7,2,71.9,1,195.0,1,0,1,0,Ninguno,Presencial,Alto,0,0,Alto,0.995970753201581,0.0017539163721665926,0.0022753304262522357,2026-02-18
24,7.3,1,82.6,0,490.0,0,1,0,1,Smartphone,Presencial,Medio,2,2,Medio,0.0015082857307777916,0.08217599739125109,0.9163157168779711,2026-02-18
25,6.8,1,80.4,0,250.0,0,1,0,1,Tablet,Presencial,Medio,2,2,Medio,0.0023353233847434266,0.14530213255515853,0.8523625440600981,2026-02-18
61,7.2,0,84.9,0,275.0,0,1,0,1,Smartphone,Presencial,Bajo,1,1,Bajo,0.0011565794047878213,0.9086445664750122,0.0901988541201998,2026-02-18
62,8.3,0,92.4,0,690.0,0,2,0,1,Laptop,Presencial,Bajo,1,1,Bajo,0.0001028897492964747,0.9903733924478225,0.009523717802881079,2026-02-18
63,5.6,2,72.7,1,200.0,1,0,1,0,Smartphone,Presencial,Alto,0,0,Alto,0.9676428461996716,0.0017496629718775042,0.030607490828450927,2026-02-18
64,7.7,0,88.1,0,580.0,0,2,0,1,Laptop,Presencial,Bajo,1,1,Bajo,0.00038574804517313405,0.9686822555119617,0.03093199644286498,2026-02-18
65,6.7,1,77.9,0,250.0,0,1,0,1,Tablet,Presencial,Medio,2,2,Medio,0.0019032632190190257,0.05589604728426722,0.9422006894967138,2026-02-18
66,8.2,0,90.8,0,650.0,0,2,0,1,Laptop,Presencial,Bajo,1,1,Bajo,0.00015087093704153472,0.9862589499078332,0.013590179155125158,2026-02-18
67,5.5,3,70.5,1,190.0,1,0,1,0,Ninguno,Presencial,Alto,0,0,Alto,0.9952016530422977,0.00023395214455846248,0.00456439481314386,2026-02-18
68,7.8,0,89.6,0,620.0,0,2,0,1,Laptop,Presencial,Bajo,1,1,Bajo,0.00027128159847471586,0.9770857961963925,0.022642922205132716,2026-02-18
89,5.6,2,72.3,1,195.0,1,0,1,0,Ninguno,Presencial,Alto,0,0,Alto,0.996101992096114,0.0017734485903575018,0.002124559313528498,2026-02-18
90,7.4,0,85.8,0,510.0,0,2,0,1,Laptop,Presencial,Bajo,1,1,Bajo,0.0007328123873402978,0.9478474274472801,0.051419760165379524,2026-02-18
91,7.1,0,83.9,0,270.0,0,1,0,1,Smartphone,Presencial,Bajo,1,1,Bajo,0.0015513677182843878,0.8667805684353838,0.1316680638463318,2026-02-18
92,8.2,0,91.4,0,640.0,0,2,0,1,Laptop,Presencial,Bajo,1,1,Bajo,0.00012530369762057923,0.9899763231562425,0.009898373146136973,2026-02-18
105,5.5,3,70.6,1,190.0,1,0,1,0,Ninguno,Presencial,Alto,0,0,Alto,0.9952535853450919,0.00024019083072625557,0.004506223824181928,2026-02-18
106,7.6,0,87.5,0,600.0,0,2,0,1,Laptop,Presencial,Bajo,1,1,Bajo,0.0005187448894576519,0.9502684275275239,0.04921282758301851,2026-02-18
107,7.0,1,83.8,0,275.0,0,1,0,1,Smartphone,Presencial,Bajo,1,2,Medio,0.003739197023803051,0.417592978525125,0.5786678244510719,2026-02-18
108,8.2,0,91.3,0,680.0,0,2,0,1,Laptop,Presencial,Bajo,1,1,Bajo,0.0001454463735229097,0.9854088056443778,0.014445747982099421,2026-02-18
121,7.2,0,85.1,0,275.0,0,1,0,1,Smartphone,Presencial,Bajo,1,1,Bajo,0.001104962900598026,0.9149128751085378,0.08398216199086403,2026-02-18
122,7.3,1,84.3,0,490.0,0,1,0,1,Smartphone,Presencial,Medio,2,2,Medio,0.0017415096640085777,0.14828652472169834,0.8499719656142931,2026-02-18
123,6.8,1,79.7,0,260.0,0,1,0,1,Tablet,Presencial,Medio,2,2,Medio,0.0021153431643788044,0.10607755685828663,0.8918070999773345,2026-02-18
124,8.1,0,91.0,0,670.0,0,2,0,1,Laptop,Presencial,Bajo,1,1,Bajo,0.00016719930188925007,0.983758596665634,0.016074204032476766,2026-02-18
137,8.5,0,94.1,0,750.0,0,2,0,1,Laptop,Presencial,Bajo,1,1,Bajo,6.619445120007669e-05,0.9928891434616774,0.007044662087122544,2026-02-18
138,5.8,2,73.4,1,205.0,1,0,1,0,Smartphone,Presencial,Alto,0,0,Alto,0.9677588374635894,0.0024985316364980275,0.02974263089991262,2026-02-18
139,7.6,0,87.2,0,580.0,0,2,0,1,Laptop,Presencial,Bajo,1,1,Bajo,0.0005279974679859074,0.9527400854877318,0.046731917044282145,2026-02-18
140,7.1,0,84.8,0,280.0,0,1,0,1,Smartphone,Presencial,Bajo,1,1,Bajo,0.0013049743716466791,0.8945854316559898,0.10410959397236338,2026-02-18
153,8.3,0,92.6,0,700.0,0,2,0,1,Laptop,Presencial,Bajo,1,1,Bajo,0.00010077741371237207,0.9903036160803558,0.009595606505931952,2026-02-18
154,5.3,3,68.2,1,180.0,1,0,1,0,Ninguno,Presencial,Alto,0,0,Alto,0.9942771712687984,0.0001092584133841211,0.005613570317817456,2026-02-18
155,7.8,0,89.2,0,620.0,0,2,0,1,Laptop,Presencial,Bajo,1,1,Bajo,0.00030017233453081903,0.9733210161227047,0.026378811542764332,2026-02-18
156,7.0,1,83.1,0,275.0,0,1,0,1,Smartphone,Presencial,Bajo,1,2,Medio,0.0037982261336154525,0.35294621995695036,0.6432555539094341,2026-02-18
169,7.2,1,83.8,0,500.0,0,1,0,1,Smartphone,Presencial,Medio,2,2,Medio,0.001647731891163458,0.10847236216359972,0.8898799059452369,2026-02-18
170,6.8,1,79.6,0,265.0,0,1,0,1,Tablet,Presencial,Medio,2,2,Medio,0.002049930380617022,0.0985501924112121,0.8993998772081709,2026-02-18
171,8.1,0,91.2,0,670.0,0,2,0,1,Laptop,Presencial,Bajo,1,1,Bajo,0.00015883664605192909,0.9849592245942898,0.014881938759658288,2026-02-18
172,5.5,2,71.5,1,190.0,1,0,1,0,Smartphone,Presencial,Alto,0,0,Alto,0.9656052255551565,0.0011970681424607068,0.03319770630238275,2026-02-18
185,7.8,0,88.9,0,630.0,0,2,0,1,Laptop,Presencial,Bajo,1,1,Bajo,0.00033330030356081236,0.9675330086920201,0.03213369100441919,2026-02-18
186,7.0,1,83.7,0,275.0,0,1,0,1,Smartphone,Presencial,Bajo,1,2,Medio,0.0037516700286687704,0.40812456959473953,0.5881237603765918,2026-02-18
187,8.2,0,91.6,0,690.0,0,2,0,1,Laptop,Presencial,Bajo,1,1,Bajo,0.00013884034057395827,0.9858577268056405,0.014003432853785669,2026-02-18
188,5.5,3,70.4,1,190.0,1,0,1,0,Ninguno,Presencial,Alto,0,0,Alto,0.9951488122076386,0.00022787529257205683,0.004623312499789489,2026-02-18
201,8.6,0,94.6,0,770.0,0,2,0,1,Laptop,Presencial,Bajo,1,1,Bajo,5.6348434989441714e-05,0.9935707476480139,0.00637290391699659,2026-02-18
202,5.7,2,72.5,1,195.0,1,0,1,0,Smartphone,Presencial,Alto,0,0,Alto,0.9670675312337901,0.0018521436157963376,0.03108032515041343,2026-02-18
203,7.3,1,84.4,0,510.0,0,2,0,1,Laptop,Presencial,Bajo,1,1,Bajo,0.0029856348674096233,0.5574331857559155,0.4395811793766749,2026-02-18
204,7.1,0,84.9,0,280.0,0,1,0,1,Smartphone,Presencial,Bajo,1,1,Bajo,0.0012762893175433936,0.8982054885997844,0.10051822208267217,2026-02-18
217,8.3,0,92.5,0,700.0,0,2,0,1,Laptop,Presencial,Bajo,1,1,Bajo,0.00010341950371490255,0.9899217671706783,0.009974813325606938,2026-02-18
218,5.6,2,72.6,1,195.0,1,0,1,0,Smartphone,Presencial,Alto,0,0,Alto,0.9680760529959276,0.0017324457237984897,0.030191501280273907,2026-02-18
219,7.8,0,89.1,0,630.0,0,2,0,1,Laptop,Presencial,Bajo,1,1,Bajo,0.00031701645763747787,0.9698964131952433,0.029786570347119214,2026-02-18
220,7.1,1,84.6,0,280.0,0,1,0,1,Smartphone,Presencial,Bajo,1,1,Bajo,0.0033793626938096615,0.5035241946182527,0.49309644268793756,2026-02-18
231,7.3,1,84.2,0,500.0,0,1,0,1,Smartphone,Presencial,Medio,2,2,Medio,0.0016578937836410866,0.13319582368664476,0.8651462825297142,2026-02-18
232,7.2,0,85.5,0,280.0,0,1,0,1,Smartphone,Presencial,Bajo,1,1,Bajo,0.0010200353790837124,0.9233293122491191,0.07565065237179724,2026-02-18
239,8.1,0,91.4,0,670.0,0,2,0,1,Laptop,Presencial,Bajo,1,1,Bajo,0.00015087863068596194,0.9860722587691008,0.013776862600213288,2026-02-18
240,5.8,2,73.9,1,205.0,1,0,1,0,Smartphone,Presencial,Alto,0,0,Alto,0.9692167502127165,0.0028534631993561575,0.027929786587927306,2026-02-18
246,5.7,2,73.3,1,195.0,1,0,1,0,Smartphone,Presencial,Alto,0,0,Alto,0.9695978466213364,0.0022912018512726865,0.028110951527390942,2026-02-18
26,6.5,1,76.8,0,245.0,0,1,0,1,Tablet,Virtual,Medio,2,2,Medio,0.0029538833911436527,0.02746175983065282,0.9695843567782036,2026-02-18
27,7.9,0,89.7,0,640.0,0,2,0,1,Laptop,Virtual,Bajo,1,1,Bajo,0.0005071308840584193,0.9705130000767676,0.028979869039174058,2026-02-18
28,5.1,3,67.2,1,175.0,1,0,1,0,Ninguno,Virtual,Alto,0,0,Alto,0.996282548332745,3.557864883757399e-05,0.0036818730184174342,2026-02-18
29,6.2,2,74.5,0,410.0,0,1,0,1,Smartphone,Virtual,Medio,2,2,Medio,0.000988271572261256,0.0003380588064716497,0.9986736696212671,2026-02-18
30,6.7,1,78.9,0,265.0,0,1,0,1,Tablet,Virtual,Medio,2,2,Medio,0.003246040692614127,0.059334716671760906,0.9374192426356249,2026-02-18
31,8.0,0,90.3,0,600.0,0,2,0,1,Laptop,Virtual,Bajo,1,1,Bajo,0.0003520690537761899,0.9843841581070373,0.01526377283918664,2026-02-18
32,5.3,3,68.7,1,180.0,1,0,1,0,Ninguno,Virtual,Alto,0,0,Alto,0.9967087310068045,6.270576050841312e-05,0.003228563232687079,2026-02-18
33,7.4,0,85.6,0,530.0,0,2,0,1,Laptop,Virtual,Bajo,1,1,Bajo,0.0015918386223808883,0.9202778767139037,0.07813028466371547,2026-02-18
34,6.9,1,79.8,0,270.0,0,1,0,1,Smartphone,Virtual,Medio,2,2,Medio,0.005855130050272833,0.10618015906193799,0.8879647108877892,2026-02-18
35,8.1,0,91.2,0,690.0,0,2,0,1,Laptop,Virtual,Bajo,1,1,Bajo,0.0003348926933005097,0.978275077504866,0.02139002980183346,2026-02-18
36,5.6,2,72.4,1,200.0,1,0,1,0,Smartphone,Virtual,Alto,0,0,Alto,0.9794739514914664,0.0008218075071032599,0.019704241001430246,2026-02-18
37,7.2,1,83.1,0,470.0,0,1,0,1,Smartphone,Virtual,Medio,2,2,Medio,0.0029516875261091117,0.0893139696936966,0.9077343427801943,2026-02-18
38,7.0,0,84.7,0,280.0,0,1,0,1,Tablet,Virtual,Bajo,1,1,Bajo,0.0018132632914590302,0.8392620639112869,0.15892467279725409,2026-02-18
39,8.3,0,92.8,0,720.0,0,2,0,1,Laptop,Virtual,Bajo,1,1,Bajo,0.00020230693604820617,0.9870000293225931,0.012797663741358812,2026-02-18
40,5.4,3,69.1,1,185.0,1,0,1,0,Ninguno,Virtual,Alto,0,0,Alto,0.9967196491149315,7.531751283412045e-05,0.0032050333722345005,2026-02-18
69,6.5,1,76.3,0,240.0,0,1,0,1,Tablet,Virtual,Medio,2,2,Medio,0.002856923658864005,0.023665603090382063,0.973477473250754,2026-02-18
70,8.0,0,91.1,0,680.0,0,2,0,1,Laptop,Virtual,Bajo,1,1,Bajo,0.0003656397827036754,0.9776035318073333,0.02203082840996301,2026-02-18
71,5.2,3,67.8,1,175.0,1,0,1,0,Ninguno,Virtual,Alto,0,0,Alto,0.9964863856836872,4.5771286054288844e-05,0.0034678430302586463,2026-02-18
72,7.4,0,85.2,0,540.0,0,2,0,1,Laptop,Virtual,Bajo,1,1,Bajo,0.0017866949439666712,0.9007582827944758,0.09745502226155764,2026-02-18
73,6.9,1,80.7,0,270.0,0,1,0,1,Smartphone,Virtual,Medio,2,2,Medio,0.006288176417988595,0.14444154579151885,0.8492702777904925,2026-02-18
74,8.1,0,90.5,0,660.0,0,2,0,1,Laptop,Virtual,Bajo,1,1,Bajo,0.00036566262588020915,0.9778995717934525,0.021734765580667288,2026-02-18
75,5.3,3,68.4,1,180.0,1,0,1,0,Smartphone,Virtual,Alto,0,0,Alto,0.9512726187679696,5.138532988722471e-05,0.04867599590214313,2026-02-18
76,7.6,0,87.8,0,600.0,0,2,0,1,Laptop,Virtual,Bajo,1,1,Bajo,0.0009506075342119837,0.9459583459286909,0.053091046537097016,2026-02-18
93,5.3,3,68.1,1,180.0,1,0,1,0,Ninguno,Virtual,Alto,0,0,Alto,0.9964593913062156,5.354986643727668e-05,0.0034870588273470476,2026-02-18
94,7.0,1,81.7,0,460.0,0,1,0,1,Smartphone,Virtual,Medio,2,2,Medio,0.0028085485813035944,0.050317959013310876,0.9468734924053854,2026-02-18
95,6.7,1,78.4,0,265.0,0,1,0,1,Tablet,Virtual,Medio,2,2,Medio,0.0030766788286202868,0.04931776856222715,0.9476055526091526,2026-02-18
96,8.1,0,90.6,0,660.0,0,2,0,1,Laptop,Virtual,Bajo,1,1,Bajo,0.00035648434527403973,0.9787254393046936,0.02091807635003232,2026-02-18
109,5.2,3,67.4,1,175.0,1,0,1,0,Ninguno,Virtual,Alto,0,0,Alto,0.996308285066859,4.119917894211045e-05,0.003650515754198725,2026-02-18
110,7.7,0,88.7,0,620.0,0,2,0,1,Laptop,Virtual,Bajo,1,1,Bajo,0.0007370554832432696,0.9577135476316927,0.04154939688506413,2026-02-18
111,6.6,1,77.6,0,250.0,0,1,0,1,Tablet,Virtual,Medio,2,2,Medio,0.0030970526365801817,0.038414422089897454,0.9584885252735225,2026-02-18
112,8.1,0,90.8,0,670.0,0,2,0,1,Laptop,Virtual,Bajo,1,1,Bajo,0.00034913719262646286,0.9785766088831789,0.02107425392419468,2026-02-18
125,6.5,1,76.9,0,245.0,0,1,0,1,Tablet,Virtual,Medio,2,2,Medio,0.0029887803623203104,0.02852566320987455,0.9684855564278052,2026-02-18
126,7.0,1,82.1,0,470.0,0,1,0,1,Smartphone,Virtual,Medio,2,2,Medio,0.0027912483851503674,0.05380607660741204,0.9434026750074376,2026-02-18
127,6.6,1,77.8,0,255.0,0,1,0,1,Tablet,Virtual,Medio,2,2,Medio,0.003088916113965175,0.039741816512727124,0.9571692673733077,2026-02-18
128,8.2,0,91.7,0,690.0,0,2,0,1,Laptop,Virtual,Bajo,1,1,Bajo,0.0002686888765642667,0.9833612504519883,0.01637006067144744,2026-02-18
141,8.0,0,90.1,0,640.0,0,2,0,1,Laptop,Virtual,Bajo,1,1,Bajo,0.00041810724197269847,0.9764957148140285,0.023086177943998847,2026-02-18
142,5.4,3,69.5,1,185.0,1,0,1,0,Ninguno,Virtual,Alto,0,0,Alto,0.9968717531857221,8.367373720087314e-05,0.0030445730770769825,2026-02-18
143,7.3,1,84.1,0,510.0,0,2,0,1,Laptop,Virtual,Bajo,1,2,Medio,0.005516508216455397,0.47792340367178054,0.516560088111764,2026-02-18
144,6.7,1,78.1,0,260.0,0,1,0,1,Tablet,Virtual,Medio,2,2,Medio,0.0030520321670685223,0.045941772618807636,0.9510061952141239,2026-02-18
157,8.1,0,90.7,0,660.0,0,2,0,1,Laptop,Virtual,Bajo,1,1,Bajo,0.0003475254561735113,0.9795210365816173,0.020131437962209207,2026-02-18
158,5.2,3,67.6,1,175.0,1,0,1,0,Ninguno,Virtual,Alto,0,0,Alto,0.9963985631932645,4.342515477299884e-05,0.0035580116519623706,2026-02-18
159,7.4,0,85.4,0,540.0,0,2,0,1,Laptop,Virtual,Bajo,1,1,Bajo,0.0017079523867806889,0.9075009295522829,0.09079111806093645,2026-02-18
160,6.9,1,80.2,0,270.0,0,1,0,1,Smartphone,Virtual,Medio,2,2,Medio,0.006053831370285017,0.12194502065978485,0.8720011479699301,2026-02-18
173,7.1,1,82.4,0,480.0,0,1,0,1,Smartphone,Virtual,Medio,2,2,Medio,0.002685501222239944,0.05960979880728752,0.9377046999704726,2026-02-18
174,6.7,1,78.3,0,260.0,0,1,0,1,Tablet,Virtual,Medio,2,2,Medio,0.003119745170972896,0.04949384862638153,0.9473864062026455,2026-02-18
175,8.2,0,91.9,0,680.0,0,2,0,1,Laptop,Virtual,Bajo,1,1,Bajo,0.00024756441363706885,0.9858259484442253,0.013926487142137527,2026-02-18
176,5.3,3,68.6,1,180.0,1,0,1,0,Ninguno,Virtual,Alto,0,0,Alto,0.9966686422504116,6.107777948803168e-05,0.003270279970100279,2026-02-18
189,7.6,0,87.6,0,610.0,0,2,0,1,Laptop,Virtual,Bajo,1,1,Bajo,0.001024518105492019,0.9370047096954404,0.061970772199067554,2026-02-18
190,6.8,1,79.8,0,265.0,0,1,0,1,Tablet,Virtual,Medio,2,2,Medio,0.0034712900600554182,0.0883040921644594,0.9082246177754852,2026-02-18
191,8.3,0,92.4,0,700.0,0,2,0,1,Laptop,Virtual,Bajo,1,1,Bajo,0.00021088583599373998,0.9871819412506506,0.012607172913355629,2026-02-18
192,5.2,3,67.9,1,175.0,1,0,1,0,Ninguno,Virtual,Alto,0,0,Alto,0.9965293924124906,4.699142226169459e-05,0.003423616165247704,2026-02-18
205,8.0,0,90.5,0,640.0,0,2,0,1,Laptop,Virtual,Bajo,1,1,Bajo,0.00037768913146023366,0.9798149591786744,0.019807351689865187,2026-02-18
206,5.4,3,69.2,1,185.0,1,0,1,0,Ninguno,Virtual,Alto,0,0,Alto,0.9967585299506042,7.732494907917015e-05,0.003164145100316588,2026-02-18
207,7.2,1,83.4,0,490.0,0,1,0,1,Smartphone,Virtual,Medio,2,2,Medio,0.0027673866249775165,0.08500974650352296,0.9122228668714996,2026-02-18
208,6.8,1,79.9,0,265.0,0,1,0,1,Tablet,Virtual,Medio,2,2,Medio,0.0035037757959668517,0.09150250109259028,0.9049937231114429,2026-02-18
221,8.1,0,90.9,0,670.0,0,2,0,1,Laptop,Virtual,Bajo,1,1,Bajo,0.00034036492384002185,0.9793777748754064,0.020281860200753406,2026-02-18
222,5.2,3,67.5,1,175.0,1,0,1,0,Ninguno,Virtual,Alto,0,0,Alto,0.9963537344105833,4.2297539408942194e-05,0.0036039680500076997,2026-02-18
223,7.5,0,86.7,0,570.0,0,2,0,1,Laptop,Virtual,Bajo,1,1,Bajo,0.0012479932425712387,0.9316225786385675,0.06712942811886127,2026-02-18
224,6.8,1,79.2,0,265.0,0,1,0,1,Tablet,Virtual,Medio,2,2,Medio,0.0032745303339151172,0.07115387455078541,0.9255715951152995,2026-02-18
233,7.0,1,81.8,0,470.0,0,1,0,1,Smartphone,Virtual,Medio,2,2,Medio,0.0027018561641143214,0.04813654009345654,0.9491616037424292,2026-02-18
234,6.6,1,77.3,0,255.0,0,1,0,1,Tablet,Virtual,Medio,2,2,Medio,0.0029174521394614915,0.03291635079011143,0.9641661970704271,2026-02-18
241,8.2,0,91.8,0,690.0,0,2,0,1,Laptop,Virtual,Bajo,1,1,Bajo,0.0002618900392282381,0.9839864446157,0.015751665345071848,2026-02-18
242,5.5,3,70.8,1,190.0,1,0,1,0,Ninguno,Virtual,Alto,0,0,Alto,0.9971802482738757,0.00012734089609007756,0.0026924108300342346,2026-02-18
247,7.1,1,82.9,0,480.0,0,1,0,1,Smartphone,Virtual,Medio,2,2,Medio,0.0028271799381638387,0.07156149582704993,0.9256113242347862,2026-02-18
41,6.8,1,77.5,0,255.0,0,1,0,1,Tablet,Híbrida,Medio,2,2,Medio,0.0034864784250689717,0.10703199859304763,0.8894815229818834,2026-02-18
42,7.8,0,88.9,0,630.0,0,2,0,1,Laptop,Híbrida,Bajo,1,1,Bajo,0.00031613488828547586,0.9854100729894701,0.014273792122244328,2026-02-18
43,5.2,3,66.8,1,170.0,1,0,1,0,Ninguno,Híbrida,Alto,0,0,Alto,0.9969834969377833,7.652729667946768e-05,0.0029399757655370934,2026-02-18
44,6.3,2,75.2,0,400.0,0,1,0,1,Smartphone,Híbrida,Medio,2,2,Medio,0.0014637480829605564,0.001459806836139995,0.9970764450808994,2026-02-18
45,7.1,0,83.4,0,275.0,0,1,0,1,Tablet,Híbrida,Bajo,1,1,Bajo,0.0011561461315353037,0.9080512153028817,0.09079263856558283,2026-02-18
46,8.2,0,91.6,0,660.0,0,2,0,1,Laptop,Híbrida,Bajo,1,1,Bajo,0.00011861933023868321,0.9951167057493888,0.004764674920372442,2026-02-18
47,5.5,2,71.3,1,190.0,1,0,1,0,Smartphone,Híbrida,Alto,0,0,Alto,0.982526682547405,0.001240979608486136,0.016232337844108956,2026-02-18
48,7.5,0,86.8,0,550.0,0,2,0,1,Laptop,Híbrida,Bajo,1,1,Bajo,0.0005604274233236128,0.9789952789177179,0.020444293658958314,2026-02-18
49,6.6,1,78.2,0,260.0,0,1,0,1,Smartphone,Híbrida,Medio,2,2,Medio,0.0067035133851311365,0.13294434576204187,0.8603521408528271,2026-02-18
50,8.4,0,93.5,0,700.0,0,2,0,1,Laptop,Híbrida,Bajo,1,1,Bajo,6.79082700692817e-05,0.9971886459213624,0.002743445808568127,2026-02-18
51,5.3,3,68.9,1,180.0,1,0,1,0,Ninguno,Híbrida,Alto,0,0,Alto,0.9974485762648921,0.00014144889093451143,0.002409974844173442,2026-02-18
52,7.0,1,82.3,0,480.0,0,1,0,1,Smartphone,Híbrida,Medio,2,2,Medio,0.003234296178974234,0.136127955390961,0.8606377484300648,2026-02-18
77,6.8,1,78.6,0,260.0,0,1,0,1,Tablet,Híbrida,Medio,2,2,Medio,0.0037199343604683755,0.1500439179584462,0.8462361476810855,2026-02-18
78,8.3,0,92.1,0,710.0,0,2,0,1,Laptop,Híbrida,Bajo,1,1,Bajo,0.00011093676841776865,0.9943203696342278,0.005568693597354559,2026-02-18
79,5.4,2,71.2,1,190.0,1,0,1,0,Smartphone,Híbrida,Alto,0,0,Alto,0.982733442685777,0.0011004615368186254,0.01616609577740443,2026-02-18
80,7.7,0,88.5,0,590.0,0,2,0,1,Laptop,Híbrida,Bajo,1,1,Bajo,0.0003401489227896722,0.9868541324581525,0.012805718619058002,2026-02-18
81,7.0,1,83.7,0,275.0,0,1,0,1,Smartphone,Híbrida,Bajo,1,1,Bajo,0.005229416710606456,0.6108517839204577,0.38391879936893597,2026-02-18
82,8.4,0,93.3,0,720.0,0,2,0,1,Laptop,Híbrida,Bajo,1,1,Bajo,7.621921694604564e-05,0.9964037500014723,0.0035200307815816964,2026-02-18
83,5.5,3,69.4,1,185.0,1,0,1,0,Ninguno,Híbrida,Alto,0,0,Alto,0.9974057876602574,0.00019162221187620396,0.0024025901278662775,2026-02-18
84,7.8,0,89.8,0,630.0,0,2,0,1,Laptop,Híbrida,Bajo,1,1,Bajo,0.0002506602282242333,0.9896704100157815,0.010078929755994248,2026-02-18
97,5.4,3,69.9,1,185.0,1,0,1,0,Ninguno,Híbrida,Alto,0,0,Alto,0.9975862887405138,0.00019892238887196098,0.002214788870614282,2026-02-18
98,7.2,1,83.2,0,480.0,0,1,0,1,Smartphone,Híbrida,Medio,2,2,Medio,0.0032194467145023613,0.2071849551280351,0.7895955981574626,2026-02-18
99,6.9,0,82.5,0,275.0,0,1,0,1,Tablet,Híbrida,Bajo,1,1,Bajo,0.0016670063870221007,0.8562990005032335,0.14203399310974432,2026-02-18
100,8.3,0,92.7,0,700.0,0,2,0,1,Laptop,Híbrida,Bajo,1,1,Bajo,9.193320220586971e-05,0.9958610916248711,0.004046975172923063,2026-02-18
113,5.3,3,68.5,1,180.0,1,0,1,0,Smartphone,Híbrida,Alto,0,0,Alto,0.9626672186689628,0.00011417564123582908,0.0372186056898014,2026-02-18
114,7.8,0,89.4,0,640.0,0,2,0,1,Laptop,Híbrida,Bajo,1,1,Bajo,0.00028663701251686137,0.9869049682334996,0.01280839475398362,2026-02-18
115,6.9,1,80.3,0,270.0,0,1,0,1,Smartphone,Híbrida,Medio,2,2,Medio,0.006490935091527615,0.2870807960680986,0.7064282688403738,2026-02-18
116,8.3,0,92.5,0,710.0,0,2,0,1,Laptop,Híbrida,Bajo,1,1,Bajo,9.995489010295487e-05,0.9951345345716018,0.0047655105382951885,2026-02-18
129,6.9,1,80.6,0,270.0,0,1,0,1,Smartphone,Híbrida,Medio,2,2,Medio,0.006512016626008833,0.3116252005412991,0.6818627828326921,2026-02-18
130,6.4,2,75.3,0,420.0,0,1,0,1,Smartphone,Híbrida,Medio,2,2,Medio,0.0013085155165768589,0.0013810797784798183,0.9973104047049435,2026-02-18
131,7.0,1,83.5,0,275.0,0,1,0,1,Tablet,Híbrida,Bajo,1,1,Bajo,0.003279232766308711,0.5512915355437811,0.4454292316899103,2026-02-18
132,8.3,0,92.2,0,700.0,0,2,0,1,Laptop,Híbrida,Bajo,1,1,Bajo,0.00010474194963374011,0.9949777584256663,0.004917499624700188,2026-02-18
145,8.1,0,91.5,0,670.0,0,2,0,1,Laptop,Híbrida,Bajo,1,1,Bajo,0.00013797502238161737,0.9940373459635103,0.005824679014107875,2026-02-18
146,5.5,2,71.7,1,195.0,1,0,1,0,Smartphone,Híbrida,Alto,0,0,Alto,0.9827991462209185,0.0013570454954523305,0.015843808283629267,2026-02-18
147,7.2,1,83.6,0,490.0,0,1,0,1,Smartphone,Híbrida,Medio,2,2,Medio,0.0031634000932738893,0.21903971294436253,0.7777968869623635,2026-02-18
148,6.9,1,80.9,0,270.0,0,1,0,1,Smartphone,Híbrida,Medio,2,2,Medio,0.006513932455342324,0.3372721770576494,0.6562138904870082,2026-02-18
161,8.4,0,93.1,0,720.0,0,2,0,1,Laptop,Híbrida,Bajo,1,1,Bajo,8.030668326799438e-05,0.9961141218692329,0.0038055714474993017,2026-02-18
162,5.4,3,69.3,1,185.0,1,0,1,0,Ninguno,Híbrida,Alto,0,0,Alto,0.9974377470809027,0.00016989422038437738,0.002392358698712899,2026-02-18
163,7.6,0,87.7,0,600.0,0,2,0,1,Laptop,Híbrida,Bajo,1,1,Bajo,0.0004722773090457143,0.9790784723064095,0.02044925038454465,2026-02-18
164,7.1,1,84.5,0,280.0,0,1,0,1,Smartphone,Híbrida,Bajo,1,1,Bajo,0.004423501638347396,0.6893812836009059,0.30619521476074674,2026-02-18
177,6.5,2,75.8,0,430.0,0,1,0,1,Smartphone,Híbrida,Medio,2,2,Medio,0.0012992827291878055,0.001664242004293357,0.9970364752665187,2026-02-18
178,7.0,1,83.3,0,275.0,0,1,0,1,Tablet,Híbrida,Bajo,1,1,Bajo,0.003334552309543611,0.5319038711581302,0.4647615765323262,2026-02-18
179,8.3,0,92.3,0,710.0,0,2,0,1,Laptop,Híbrida,Bajo,1,1,Bajo,0.00010530443555835038,0.99474314146824,0.00515155409620173,2026-02-18
180,5.4,3,69.7,1,185.0,1,0,1,0,Ninguno,Híbrida,Alto,0,0,Alto,0.9975387977841583,0.0001887337319039721,0.0022724684839377147,2026-02-18
193,7.7,0,88.6,0,620.0,0,2,0,1,Laptop,Híbrida,Bajo,1,1,Bajo,0.00036341372230008583,0.9837538200783845,0.015882766199315293,2026-02-18
194,6.9,1,80.8,0,270.0,0,1,0,1,Smartphone,Híbrida,Medio,2,2,Medio,0.006515478909056136,0.3286070500771081,0.6648774710138359,2026-02-18
195,8.4,0,93.2,0,720.0,0,2,0,1,Laptop,Híbrida,Bajo,1,1,Bajo,7.823648155151922e-05,0.9962617356211267,0.00366002789732187,2026-02-18
196,5.3,3,68.3,1,180.0,1,0,1,0,Ninguno,Híbrida,Alto,0,0,Alto,0.9972760642333768,0.0001208047575330991,0.0026031310090901547,2026-02-18
209,8.1,0,91.3,0,670.0,0,2,0,1,Laptop,Híbrida,Bajo,1,1,Bajo,0.00014534656065763585,0.9935586856797485,0.006295967759593873,2026-02-18
210,5.5,2,71.8,1,190.0,1,0,1,0,Smartphone,Híbrida,Alto,0,0,Alto,0.9833508779072695,0.00141632349519073,0.015232798597540006,2026-02-18
211,6.6,2,76.4,0,410.0,0,1,0,1,Smartphone,Híbrida,Medio,2,2,Medio,0.0015352232172937568,0.002695687126318355,0.9957690896563879,2026-02-18
212,7.0,1,83.9,0,275.0,0,1,0,1,Smartphone,Híbrida,Bajo,1,1,Bajo,0.005110928310778698,0.6292103367055755,0.3656787349836458,2026-02-18
225,8.4,0,93.4,0,720.0,0,2,0,1,Laptop,Híbrida,Bajo,1,1,Bajo,7.425356289420246e-05,0.9965403762145131,0.0033853702225928235,2026-02-18
226,5.4,3,69.6,1,185.0,1,0,1,0,Ninguno,Híbrida,Alto,0,0,Alto,0.9975142959101004,0.00018383666315354425,0.0023018674267460113,2026-02-18
227,7.6,0,87.9,0,610.0,0,2,0,1,Laptop,Híbrida,Bajo,1,1,Bajo,0.00046254640783221005,0.9789354035735737,0.020602050018594095,2026-02-18
228,7.0,1,83.6,0,275.0,0,1,0,1,Smartphone,Híbrida,Bajo,1,1,Bajo,0.005286825428406935,0.6015487584678244,0.39316441610376873,2026-02-18
235,6.7,2,76.2,0,440.0,0,1,0,1,Smartphone,Híbrida,Medio,2,2,Medio,0.0012517935346428092,0.0020825054092448343,0.9966657010561124,2026-02-18
236,6.9,1,80.7,0,270.0,0,1,0,1,Smartphone,Híbrida,Medio,2,2,Medio,0.006514830213639513,0.3200566857345244,0.6734284840518361,2026-02-18
243,8.3,0,92.9,0,710.0,0,2,0,1,Laptop,Híbrida,Bajo,1,1,Bajo,9.004954275522662e-05,0.9958322579180171,0.0040776925392277145,2026-02-18
244,5.4,3,69.8,1,185.0,1,0,1,0,Ninguno,Híbrida,Alto,0,0,Alto,0.9975627949670619,0.00019376115136475998,0.00224344388157331,2026-02-18
248,5.3,3,68.8,1,180.0,1,0,1,0,Ninguno,Híbrida,Alto,0,0,Alto,0.9974210763290365,0.00013777830615998603,0.0024411453648036634,2026-02-18
250,5.6,2,72.2,1,200.0,1,0,1,0,Smartphone,Híbrida,Alto,0,0,Alto,0.9827997390302206,0.001673343783800913,0.015526917185978718,2026-02-18
